<application>
  <component name="libraryTable">
    <library name="Python 3.7 interpreter library">
      <CLASSES>
        <root url="file://$USER_HOME$/AppData/Local/Programs/Python/Python37-32/DLLs" />
        <root url="file://$USER_HOME$/AppData/Local/Programs/Python/Python37-32/Lib" />
        <root url="file://$USER_HOME$/AppData/Local/Programs/Python/Python37-32" />
        <root url="file://$USER_HOME$/AppData/Local/Programs/Python/Python37-32/Lib/site-packages" />
        <root url="file://$USER_HOME$/AppData/Local/JetBrains/Rider2020.1/python_stubs/-661554247" />
        <root url="file://$APPLICATION_PLUGINS_DIR$/python-ce/helpers/python-skeletons" />
        <root url="file://$APPLICATION_PLUGINS_DIR$/python-ce/helpers/typeshed/stdlib/3.7" />
        <root url="file://$APPLICATION_PLUGINS_DIR$/python-ce/helpers/typeshed/stdlib/3" />
        <root url="file://$APPLICATION_PLUGINS_DIR$/python-ce/helpers/typeshed/stdlib/2and3" />
        <root url="file://$APPLICATION_PLUGINS_DIR$/python-ce/helpers/typeshed/third_party/3" />
        <root url="file://$APPLICATION_PLUGINS_DIR$/python-ce/helpers/typeshed/third_party/2and3" />
      </CLASSES>
      <SOURCES>
        <root url="file://$USER_HOME$/AppData/Local/Programs/Python/Python37-32/DLLs" />
        <root url="file://$USER_HOME$/AppData/Local/Programs/Python/Python37-32/Lib" />
        <root url="file://$USER_HOME$/AppData/Local/Programs/Python/Python37-32" />
        <root url="file://$USER_HOME$/AppData/Local/Programs/Python/Python37-32/Lib/site-packages" />
        <root url="file://$USER_HOME$/AppData/Local/JetBrains/Rider2020.1/python_stubs/-661554247" />
        <root url="file://$APPLICATION_PLUGINS_DIR$/python-ce/helpers/python-skeletons" />
        <root url="file://$APPLICATION_PLUGINS_DIR$/python-ce/helpers/typeshed/stdlib/3.7" />
        <root url="file://$APPLICATION_PLUGINS_DIR$/python-ce/helpers/typeshed/stdlib/3" />
        <root url="file://$APPLICATION_PLUGINS_DIR$/python-ce/helpers/typeshed/stdlib/2and3" />
        <root url="file://$APPLICATION_PLUGINS_DIR$/python-ce/helpers/typeshed/third_party/3" />
        <root url="file://$APPLICATION_PLUGINS_DIR$/python-ce/helpers/typeshed/third_party/2and3" />
      </SOURCES>
    </library>
    <library name="Python 3.7 interpreter library">
      <CLASSES>
        <root url="file://$USER_HOME$/AppData/Local/Programs/Python/Python37-32/DLLs" />
        <root url="file://$USER_HOME$/AppData/Local/Programs/Python/Python37-32/Lib" />
        <root url="file://$USER_HOME$/AppData/Local/Programs/Python/Python37-32" />
        <root url="file://$USER_HOME$/AppData/Local/Programs/Python/Python37-32/Lib/site-packages" />
        <root url="file://$USER_HOME$/AppData/Local/JetBrains/Rider2020.1/python_stubs/-661554247" />
        <root url="file://$APPLICATION_PLUGINS_DIR$/python-ce/helpers/python-skeletons" />
        <root url="file://$APPLICATION_PLUGINS_DIR$/python-ce/helpers/typeshed/stdlib/3.7" />
        <root url="file://$APPLICATION_PLUGINS_DIR$/python-ce/helpers/typeshed/stdlib/3" />
        <root url="file://$APPLICATION_PLUGINS_DIR$/python-ce/helpers/typeshed/stdlib/2and3" />
        <root url="file://$APPLICATION_PLUGINS_DIR$/python-ce/helpers/typeshed/third_party/3" />
        <root url="file://$APPLICATION_PLUGINS_DIR$/python-ce/helpers/typeshed/third_party/2and3" />
      </CLASSES>
      <SOURCES>
        <root url="file://$USER_HOME$/AppData/Local/Programs/Python/Python37-32/DLLs" />
        <root url="file://$USER_HOME$/AppData/Local/Programs/Python/Python37-32/Lib" />
        <root url="file://$USER_HOME$/AppData/Local/Programs/Python/Python37-32" />
        <root url="file://$USER_HOME$/AppData/Local/Programs/Python/Python37-32/Lib/site-packages" />
        <root url="file://$USER_HOME$/AppData/Local/JetBrains/Rider2020.1/python_stubs/-661554247" />
        <root url="file://$APPLICATION_PLUGINS_DIR$/python-ce/helpers/python-skeletons" />
        <root url="file://$APPLICATION_PLUGINS_DIR$/python-ce/helpers/typeshed/stdlib/3.7" />
        <root url="file://$APPLICATION_PLUGINS_DIR$/python-ce/helpers/typeshed/stdlib/3" />
        <root url="file://$APPLICATION_PLUGINS_DIR$/python-ce/helpers/typeshed/stdlib/2and3" />
        <root url="file://$APPLICATION_PLUGINS_DIR$/python-ce/helpers/typeshed/third_party/3" />
        <root url="file://$APPLICATION_PLUGINS_DIR$/python-ce/helpers/typeshed/third_party/2and3" />
      </SOURCES>
    </library>
    <library name="Python 3.7 interpreter library">
      <CLASSES>
        <root url="file://$USER_HOME$/AppData/Local/Programs/Python/Python37-32/DLLs" />
        <root url="file://$USER_HOME$/AppData/Local/Programs/Python/Python37-32/Lib" />
        <root url="file://$USER_HOME$/AppData/Local/Programs/Python/Python37-32" />
        <root url="file://$USER_HOME$/AppData/Local/Programs/Python/Python37-32/Lib/site-packages" />
        <root url="file://$USER_HOME$/AppData/Local/JetBrains/Rider2020.1/python_stubs/-661554247" />
        <root url="file://$APPLICATION_PLUGINS_DIR$/python-ce/helpers/python-skeletons" />
        <root url="file://$APPLICATION_PLUGINS_DIR$/python-ce/helpers/typeshed/stdlib/3.7" />
        <root url="file://$APPLICATION_PLUGINS_DIR$/python-ce/helpers/typeshed/stdlib/3" />
        <root url="file://$APPLICATION_PLUGINS_DIR$/python-ce/helpers/typeshed/stdlib/2and3" />
        <root url="file://$APPLICATION_PLUGINS_DIR$/python-ce/helpers/typeshed/third_party/3" />
        <root url="file://$APPLICATION_PLUGINS_DIR$/python-ce/helpers/typeshed/third_party/2and3" />
      </CLASSES>
      <SOURCES>
        <root url="file://$USER_HOME$/AppData/Local/Programs/Python/Python37-32/DLLs" />
        <root url="file://$USER_HOME$/AppData/Local/Programs/Python/Python37-32/Lib" />
        <root url="file://$USER_HOME$/AppData/Local/Programs/Python/Python37-32" />
        <root url="file://$USER_HOME$/AppData/Local/Programs/Python/Python37-32/Lib/site-packages" />
        <root url="file://$USER_HOME$/AppData/Local/JetBrains/Rider2020.1/python_stubs/-661554247" />
        <root url="file://$APPLICATION_PLUGINS_DIR$/python-ce/helpers/python-skeletons" />
        <root url="file://$APPLICATION_PLUGINS_DIR$/python-ce/helpers/typeshed/stdlib/3.7" />
        <root url="file://$APPLICATION_PLUGINS_DIR$/python-ce/helpers/typeshed/stdlib/3" />
        <root url="file://$APPLICATION_PLUGINS_DIR$/python-ce/helpers/typeshed/stdlib/2and3" />
        <root url="file://$APPLICATION_PLUGINS_DIR$/python-ce/helpers/typeshed/third_party/3" />
        <root url="file://$APPLICATION_PLUGINS_DIR$/python-ce/helpers/typeshed/third_party/2and3" />
      </SOURCES>
    </library>
    <library name="Python 3.7 interpreter library">
      <CLASSES>
        <root url="file://$USER_HOME$/AppData/Local/Programs/Python/Python37-32/DLLs" />
        <root url="file://$USER_HOME$/AppData/Local/Programs/Python/Python37-32/Lib" />
        <root url="file://$USER_HOME$/AppData/Local/Programs/Python/Python37-32" />
        <root url="file://$USER_HOME$/AppData/Local/Programs/Python/Python37-32/Lib/site-packages" />
        <root url="file://$USER_HOME$/AppData/Local/JetBrains/Rider2020.2/python_stubs/-661554247" />
        <root url="file://$APPLICATION_PLUGINS_DIR$/python-ce/helpers/python-skeletons" />
        <root url="file://$APPLICATION_PLUGINS_DIR$/python-ce/helpers/typeshed/stdlib/3.7" />
        <root url="file://$APPLICATION_PLUGINS_DIR$/python-ce/helpers/typeshed/stdlib/3" />
        <root url="file://$APPLICATION_PLUGINS_DIR$/python-ce/helpers/typeshed/stdlib/2and3" />
        <root url="file://$APPLICATION_PLUGINS_DIR$/python-ce/helpers/typeshed/third_party/3" />
        <root url="file://$APPLICATION_PLUGINS_DIR$/python-ce/helpers/typeshed/third_party/2and3" />
      </CLASSES>
      <SOURCES>
        <root url="file://$USER_HOME$/AppData/Local/Programs/Python/Python37-32/DLLs" />
        <root url="file://$USER_HOME$/AppData/Local/Programs/Python/Python37-32/Lib" />
        <root url="file://$USER_HOME$/AppData/Local/Programs/Python/Python37-32" />
        <root url="file://$USER_HOME$/AppData/Local/Programs/Python/Python37-32/Lib/site-packages" />
        <root url="file://$USER_HOME$/AppData/Local/JetBrains/Rider2020.2/python_stubs/-661554247" />
        <root url="file://$APPLICATION_PLUGINS_DIR$/python-ce/helpers/python-skeletons" />
        <root url="file://$APPLICATION_PLUGINS_DIR$/python-ce/helpers/typeshed/stdlib/3.7" />
        <root url="file://$APPLICATION_PLUGINS_DIR$/python-ce/helpers/typeshed/stdlib/3" />
        <root url="file://$APPLICATION_PLUGINS_DIR$/python-ce/helpers/typeshed/stdlib/2and3" />
        <root url="file://$APPLICATION_PLUGINS_DIR$/python-ce/helpers/typeshed/third_party/3" />
        <root url="file://$APPLICATION_PLUGINS_DIR$/python-ce/helpers/typeshed/third_party/2and3" />
      </SOURCES>
    </library>
    <library name="Python 3.7 interpreter library">
      <CLASSES>
        <root url="file://$USER_HOME$/AppData/Local/Programs/Python/Python37-32/DLLs" />
        <root url="file://$USER_HOME$/AppData/Local/Programs/Python/Python37-32/Lib" />
        <root url="file://$USER_HOME$/AppData/Local/Programs/Python/Python37-32" />
        <root url="file://$USER_HOME$/AppData/Local/Programs/Python/Python37-32/Lib/site-packages" />
        <root url="file://$USER_HOME$/AppData/Local/JetBrains/Rider2020.2/python_stubs/-661554247" />
        <root url="file://$APPLICATION_PLUGINS_DIR$/python-ce/helpers/python-skeletons" />
        <root url="file://$APPLICATION_PLUGINS_DIR$/python-ce/helpers/typeshed/stdlib/3.7" />
        <root url="file://$APPLICATION_PLUGINS_DIR$/python-ce/helpers/typeshed/stdlib/3" />
        <root url="file://$APPLICATION_PLUGINS_DIR$/python-ce/helpers/typeshed/stdlib/2and3" />
        <root url="file://$APPLICATION_PLUGINS_DIR$/python-ce/helpers/typeshed/third_party/3" />
        <root url="file://$APPLICATION_PLUGINS_DIR$/python-ce/helpers/typeshed/third_party/2and3" />
      </CLASSES>
      <SOURCES>
        <root url="file://$USER_HOME$/AppData/Local/Programs/Python/Python37-32/DLLs" />
        <root url="file://$USER_HOME$/AppData/Local/Programs/Python/Python37-32/Lib" />
        <root url="file://$USER_HOME$/AppData/Local/Programs/Python/Python37-32" />
        <root url="file://$USER_HOME$/AppData/Local/Programs/Python/Python37-32/Lib/site-packages" />
        <root url="file://$USER_HOME$/AppData/Local/JetBrains/Rider2020.2/python_stubs/-661554247" />
        <root url="file://$APPLICATION_PLUGINS_DIR$/python-ce/helpers/python-skeletons" />
        <root url="file://$APPLICATION_PLUGINS_DIR$/python-ce/helpers/typeshed/stdlib/3.7" />
        <root url="file://$APPLICATION_PLUGINS_DIR$/python-ce/helpers/typeshed/stdlib/3" />
        <root url="file://$APPLICATION_PLUGINS_DIR$/python-ce/helpers/typeshed/stdlib/2and3" />
        <root url="file://$APPLICATION_PLUGINS_DIR$/python-ce/helpers/typeshed/third_party/3" />
        <root url="file://$APPLICATION_PLUGINS_DIR$/python-ce/helpers/typeshed/third_party/2and3" />
      </SOURCES>
    </library>
    <library name="Python 3.7 interpreter library">
      <CLASSES>
        <root url="file://$USER_HOME$/AppData/Local/Programs/Python/Python37-32/DLLs" />
        <root url="file://$USER_HOME$/AppData/Local/Programs/Python/Python37-32/Lib" />
        <root url="file://$USER_HOME$/AppData/Local/Programs/Python/Python37-32" />
        <root url="file://$USER_HOME$/AppData/Local/Programs/Python/Python37-32/Lib/site-packages" />
        <root url="file://$USER_HOME$/AppData/Local/JetBrains/Rider2020.2/python_stubs/-661554247" />
        <root url="file://$APPLICATION_PLUGINS_DIR$/python-ce/helpers/python-skeletons" />
        <root url="file://$APPLICATION_PLUGINS_DIR$/python-ce/helpers/typeshed/stdlib/3.7" />
        <root url="file://$APPLICATION_PLUGINS_DIR$/python-ce/helpers/typeshed/stdlib/3" />
        <root url="file://$APPLICATION_PLUGINS_DIR$/python-ce/helpers/typeshed/stdlib/2and3" />
        <root url="file://$APPLICATION_PLUGINS_DIR$/python-ce/helpers/typeshed/third_party/3" />
        <root url="file://$APPLICATION_PLUGINS_DIR$/python-ce/helpers/typeshed/third_party/2and3" />
      </CLASSES>
      <SOURCES>
        <root url="file://$USER_HOME$/AppData/Local/Programs/Python/Python37-32/DLLs" />
        <root url="file://$USER_HOME$/AppData/Local/Programs/Python/Python37-32/Lib" />
        <root url="file://$USER_HOME$/AppData/Local/Programs/Python/Python37-32" />
        <root url="file://$USER_HOME$/AppData/Local/Programs/Python/Python37-32/Lib/site-packages" />
        <root url="file://$USER_HOME$/AppData/Local/JetBrains/Rider2020.2/python_stubs/-661554247" />
        <root url="file://$APPLICATION_PLUGINS_DIR$/python-ce/helpers/python-skeletons" />
        <root url="file://$APPLICATION_PLUGINS_DIR$/python-ce/helpers/typeshed/stdlib/3.7" />
        <root url="file://$APPLICATION_PLUGINS_DIR$/python-ce/helpers/typeshed/stdlib/3" />
        <root url="file://$APPLICATION_PLUGINS_DIR$/python-ce/helpers/typeshed/stdlib/2and3" />
        <root url="file://$APPLICATION_PLUGINS_DIR$/python-ce/helpers/typeshed/third_party/3" />
        <root url="file://$APPLICATION_PLUGINS_DIR$/python-ce/helpers/typeshed/third_party/2and3" />
      </SOURCES>
    </library>
    <library name="Python 3.7 interpreter library">
      <CLASSES>
        <root url="file://$USER_HOME$/AppData/Local/Programs/Python/Python37-32/DLLs" />
        <root url="file://$USER_HOME$/AppData/Local/Programs/Python/Python37-32/Lib" />
        <root url="file://$USER_HOME$/AppData/Local/Programs/Python/Python37-32" />
        <root url="file://$USER_HOME$/AppData/Local/Programs/Python/Python37-32/Lib/site-packages" />
        <root url="file://$USER_HOME$/AppData/Local/JetBrains/Rider2020.2/python_stubs/-661554247" />
        <root url="file://$APPLICATION_PLUGINS_DIR$/python-ce/helpers/python-skeletons" />
        <root url="file://$APPLICATION_PLUGINS_DIR$/python-ce/helpers/typeshed/stdlib/3.7" />
        <root url="file://$APPLICATION_PLUGINS_DIR$/python-ce/helpers/typeshed/stdlib/3" />
        <root url="file://$APPLICATION_PLUGINS_DIR$/python-ce/helpers/typeshed/stdlib/2and3" />
        <root url="file://$APPLICATION_PLUGINS_DIR$/python-ce/helpers/typeshed/third_party/3" />
        <root url="file://$APPLICATION_PLUGINS_DIR$/python-ce/helpers/typeshed/third_party/2and3" />
      </CLASSES>
      <SOURCES>
        <root url="file://$USER_HOME$/AppData/Local/Programs/Python/Python37-32/DLLs" />
        <root url="file://$USER_HOME$/AppData/Local/Programs/Python/Python37-32/Lib" />
        <root url="file://$USER_HOME$/AppData/Local/Programs/Python/Python37-32" />
        <root url="file://$USER_HOME$/AppData/Local/Programs/Python/Python37-32/Lib/site-packages" />
        <root url="file://$USER_HOME$/AppData/Local/JetBrains/Rider2020.2/python_stubs/-661554247" />
        <root url="file://$APPLICATION_PLUGINS_DIR$/python-ce/helpers/python-skeletons" />
        <root url="file://$APPLICATION_PLUGINS_DIR$/python-ce/helpers/typeshed/stdlib/3.7" />
        <root url="file://$APPLICATION_PLUGINS_DIR$/python-ce/helpers/typeshed/stdlib/3" />
        <root url="file://$APPLICATION_PLUGINS_DIR$/python-ce/helpers/typeshed/stdlib/2and3" />
        <root url="file://$APPLICATION_PLUGINS_DIR$/python-ce/helpers/typeshed/third_party/3" />
        <root url="file://$APPLICATION_PLUGINS_DIR$/python-ce/helpers/typeshed/third_party/2and3" />
      </SOURCES>
    </library>
    <library name="Python 3.7 interpreter library">
      <CLASSES>
        <root url="file://$USER_HOME$/AppData/Local/Programs/Python/Python37-32/DLLs" />
        <root url="file://$USER_HOME$/AppData/Local/Programs/Python/Python37-32/Lib" />
        <root url="file://$USER_HOME$/AppData/Local/Programs/Python/Python37-32" />
        <root url="file://$USER_HOME$/AppData/Local/Programs/Python/Python37-32/Lib/site-packages" />
        <root url="file://$USER_HOME$/AppData/Local/JetBrains/Rider2020.2/python_stubs/-661554247" />
        <root url="file://$APPLICATION_PLUGINS_DIR$/python-ce/helpers/python-skeletons" />
        <root url="file://$APPLICATION_PLUGINS_DIR$/python-ce/helpers/typeshed/stdlib/3.7" />
        <root url="file://$APPLICATION_PLUGINS_DIR$/python-ce/helpers/typeshed/stdlib/3" />
        <root url="file://$APPLICATION_PLUGINS_DIR$/python-ce/helpers/typeshed/stdlib/2and3" />
        <root url="file://$APPLICATION_PLUGINS_DIR$/python-ce/helpers/typeshed/third_party/3" />
        <root url="file://$APPLICATION_PLUGINS_DIR$/python-ce/helpers/typeshed/third_party/2and3" />
      </CLASSES>
      <SOURCES>
        <root url="file://$USER_HOME$/AppData/Local/Programs/Python/Python37-32/DLLs" />
        <root url="file://$USER_HOME$/AppData/Local/Programs/Python/Python37-32/Lib" />
        <root url="file://$USER_HOME$/AppData/Local/Programs/Python/Python37-32" />
        <root url="file://$USER_HOME$/AppData/Local/Programs/Python/Python37-32/Lib/site-packages" />
        <root url="file://$USER_HOME$/AppData/Local/JetBrains/Rider2020.2/python_stubs/-661554247" />
        <root url="file://$APPLICATION_PLUGINS_DIR$/python-ce/helpers/python-skeletons" />
        <root url="file://$APPLICATION_PLUGINS_DIR$/python-ce/helpers/typeshed/stdlib/3.7" />
        <root url="file://$APPLICATION_PLUGINS_DIR$/python-ce/helpers/typeshed/stdlib/3" />
        <root url="file://$APPLICATION_PLUGINS_DIR$/python-ce/helpers/typeshed/stdlib/2and3" />
        <root url="file://$APPLICATION_PLUGINS_DIR$/python-ce/helpers/typeshed/third_party/3" />
        <root url="file://$APPLICATION_PLUGINS_DIR$/python-ce/helpers/typeshed/third_party/2and3" />
      </SOURCES>
    </library>
  </component>
</application>