<application>
  <component name="FileTypeManager" version="18">
    <extensionMap>
      <mapping pattern="post-merge" type="PLAIN_TEXT" />
      <mapping pattern="post-checkout" type="PLAIN_TEXT" />
      <mapping ext="wsgi" type="PLAIN_TEXT" />
      <mapping ext="dotsettings" type="PLAIN_TEXT" />
      <mapping ext="service" type="PLAIN_TEXT" />
      <mapping ext="preset" type="PLAIN_TEXT" />
      <mapping ext="mat" type="PLAIN_TEXT" />
      <mapping ext="ini" type="PLAIN_TEXT" />
    </extensionMap>
  </component>
</application>